3225,-4.76,3.05,3.78
3326,5.61,1.71,-4.03
3427,1.22,1.83,2.81
3528,2.56,-2.93,-0.49
3629,4.76,3.17,1.22
3730,3.78,1.10,1.95
3831,1.46,-1.59,4.15
3932,-0.85,0.73,-2.56
4033,-0.98,3.54,-1.95
4134,1.95,-2.07,1.83
4235,-2.56,-4.27,-12.08
4336,-1.34,0.61,-6.71
4437,3.05,-0.98,-4.64
4538,-3.42,-6.83,-1.83
4639,-1.34,4.39,1.22
4740,-1.22,-3.29,-0.49
4841,3.29,4.39,1.22
4942,3.42,5.12,3.17
5043,4.27,-3.05,-4.03
5144,0.49,2.32,-3.05
5245,0.00,2.32,3.42
5345,-4.76,4.76,-5.25
5446,-2.56,0.24,0.85
5547,1.59,1.71,4.76
5648,0.12,2.93,-0.12
5749,4.15,-4.88,0.73
5850,0.49,1.71,-2.07
5951,2.07,1.46,-0.12
6052,2.44,2.44,-3.54
6153,-1.34,5.98,4.03
6254,2.20,4.88,-2.93
6355,0.85,3.54,7.08
6456,-1.71,7.69,-1.71
6557,1.10,5.86,-2.81
6658,-5.98,-0.85,-3.54
6759,-0.85,-2.07,3.29
6860,4.51,0.37,2.07
6961,0.73,-0.61,0.24
7062,-1.34,-4.64,-1.10
7163,2.81,1.46,-5.00
7264,-1.10,3.05,-0.61
7365,1.59,-1.34,-11.59
7466,2.81,2.32,3.17
7567,3.42,0.37,0.85
7668,-7.69,10.25,0.12
7769,-3.17,-8.91,-7.08
7870,8.91,-7.93,-23.55
7971,-45.02,17.57,12.57
8072,23.55,-10.74,11.10
8173,-42.21,-146.64,12.32
8274,-65.76,-388.81,-11.59
8375,8.66,-50.39,-9.88
8476,64.90,329.77,40.14
8577,-9.03,35.87,20.37
8678,-2.20,75.27,26.47
8779,25.86,88.69,2.56
8880,13.91,66.12,-10.25
8981,1.95,32.82,-7.08
9082,-6.47,-8.30,0.12
9183,-9.39,-10.61,0.49
9284,10.86,29.04,-8.30
9385,-27.45,-180.44,17.45
9486,22.45,-302.07,-9.88
9587,-3.90,30.62,-20.98
9688,0.00,40.99,5.73
9789,14.64,63.93,11.47
9890,18.30,78.69,10.98
9991,-1.46,40.26,8.05
10092,17.45,80.03,3.90
10193,34.53,99.80,15.86
10294,14.03,32.70,-5.12
10395,6.22,22.45,-9.39
10496,26.35,15.49,-1.34
10597,-70.39,-382.59,-36.11
10698,-12.44,-10.13,-3.42
10799,8.91,33.31,-5.37
10900,26.60,87.96,28.55
11001,14.76,100.04,10.86
11102,5.12,80.64,11.71
11203,6.71,62.34,-1.34
11304,12.08,41.85,-6.22
11405,10.13,33.55,-2.56
11506,4.03,30.01,6.34
11607,5.61,32.82,0.00
11708,-13.91,41.85,9.76
11809,-10.86,19.52,-4.27
11910,7.20,15.62,-2.07
12011,20.86,7.93,-3.42
12112,3.42,-6.71,-14.76
12213,-105.77,-552.42,11.47
12314,-60.51,3.78,4.88
12415,37.70,27.21,-32.09
12516,18.42,64.78,6.71
12617,10.49,66.37,6.95
12718,1.59,46.97,-0.73
12819,0.73,23.55,-1.83
12920,10.25,13.91,-4.39
13021,11.59,28.55,-13.18
13122,-35.75,37.33,3.78
13223,35.62,49.90,3.66
13324,49.78,6.47,-28.43
13425,-13.91,70.27,12.20
13526,-18.42,143.35,29.04
13627,11.83,-14.88,1.59
13728,25.50,-89.67,-11.83
13829,1.22,-41.36,6.59
13930,9.88,58.56,-2.81
14031,-5.00,56.97,8.42
14132,8.66,43.07,10.13
14233,-20.37,-52.83,28.30
14334,-27.69,14.40,24.89
14435,-15.01,8.05,34.40
14536,-15.74,-55.88,53.31
14637,-23.18,-43.55,7.56
14738,-39.53,-38.43,23.30
14839,-144.08,-86.25,93.09
14940,276.82,54.66,-133.71
15041,-356.00,7.20,148.72
15142,-115.05,-8.91,67.22
15243,264.62,160.92,-53.07
15344,51.48,33.18,-59.90
15445,-55.88,-139.20,-5.12
15546,-210.82,-98.82,59.54
15647,68.93,70.39,7.32
15748,174.83,122.24,-75.15
15849,61.73,104.68,-78.93
15950,-88.82,-234.12,26.35
16051,-126.51,-66.73,23.55
16152,186.54,142.62,-26.11
16253,247.66,132.37,-46.12
16354,-202.76,-146.03,54.05
16455,-161.28,-88.08,23.06
16556,76.74,158.11,-27.08
16657,94.43,155.55,18.91
16758,23.67,-210.08,-22.08
16859,-207.28,-169.58,-1.46
16960,74.42,162.14,14.03
17061,97.60,125.66,-19.64
17162,-37.45,-216.55,-41.60
17263,-188.98,-68.69,11.35
17364,147.13,155.18,32.94
17465,60.88,128.34,4.88
17566,-64.90,-356.73,-72.96
17667,-148.35,97.84,31.60
17768,94.67,166.29,68.20
17869,13.54,142.98,32.94
17970,37.33,-267.67,-81.62
18071,-80.52,44.04,23.06
18172,5.98,166.16,118.58
18273,-10.49,-184.22,3.17
18374,35.26,-179.83,-87.11
18475,69.66,-177.02,-117.85
18576,-58.68,119.44,90.77
18677,-64.05,118.83,134.93
18778,-67.22,-4.76,28.30
18879,88.94,-131.64,-161.04
18980,100.41,-154.57,-149.69
19081,-43.07,102.60,52.22
19182,-145.18,124.44,222.77
19283,6.34,-102.36,30.13
19384,153.11,-144.45,-279.50
19485,51.48,-24.89,-85.64
19586,-101.50,159.45,171.78
19687,-67.95,154.57,106.26
19788,30.87,-129.93,-25.62
19889,-8.91,-22.33,-10.37
19990,7.20,-1.95,5.98
20091,45.51,21.72,-6.71
20192,124.93,56.97,-42.82
20293,-37.58,101.14,19.28
20394,-1.71,9.03,-0.85
20495,-20.01,4.39,-0.12
20596,0.24,-8.05,6.83
20697,8.91,-5.49,-3.78
20798,-3.05,-24.77,3.90
20899,-0.85,-0.37,4.15
21000,-4.51,3.66,-3.05
21101,-0.37,2.93,3.78
21202,-1.59,0.37,2.68
21303,3.05,-2.07,-0.24
21404,-1.95,-4.39,-6.95
21505,-5.61,3.54,0.24
21606,-3.54,0.00,-2.93
21706,-6.59,4.03,-1.95
21807,-2.56,-3.05,5.73
21908,0.00,-2.68,0.61
22008,7.20,-0.61,-1.71
22109,1.83,-3.05,3.66
22210,3.66,-4.88,-5.12
